id,fbname,instnm,unitid,expansion_batch,datejoinedfb
1,"Harvard","Harvard University",166027,1,04feb2004
2,"Columbia","Columbia University in the City of New York",190150,1,25feb2004
3,"Stanford ","Stanford University",243744,1,26feb2004
4,"Yale","Yale University",130794,1,29feb2004
5,"Cornell","Cornell University",190415,1,07mar2004
6,"Dartmouth","Dartmouth College",182670,1,07mar2004
7,"UPenn","University of Pennsylvania",215062,1,14mar2004
8,"MIT","Massachusetts Institute of Technology",166683,1,14mar2004
9,"NYU","New York University",193900,1,21mar2004
10,"BU","Boston University",164988,1,21mar2004
11,"Brown","Brown University",217156,1,04apr2004
12,"Princeton","Princeton University",186131,1,04apr2004
13,"Berkeley","University of California-Berkeley",110635,1,04apr2004
14,"Duke","Duke University",198419,1,11apr2004
15,"Georgetown","Georgetown University",131496,1,11apr2004
16,"UVA","University of Virginia-Main Campus",234076,1,11apr2004
17,"BC","Boston College",164924,1,19apr2004
18,"Tufts","Tufts University",168148,1,19apr2004
19,"Northeastern","Northeastern University",167358,1,19apr2004
20,"UIllinois","University of Illinois at Urbana-Champaign",145637,1,19apr2004
21,"UF","University of Florida",134130,1,25apr2004
22,"Wellesley","Wellesley College",168218,1,25apr2004
23,"Michigan","University of Michigan-Ann Arbor",170976,1,25apr2004
24,"MSU","Michigan State University",171100,1,25apr2004
25,"Northwestern","Northwestern University",147767,1,25apr2004
26,"UCLA","University of California-Los Angeles",110662,1,27apr2004
27,"Emory","Emory University",139658,1,30apr2004
28,"UNC","University of North Carolina at Chapel Hill",199120,1,30apr2004
29,"Tulane","Tulane University of Louisiana",160755,1,30apr2004
30,"UChicago","University of Chicago",144050,1,30apr2004
31,"Rice","Rice University",227757,1,30apr2004
32,"WashU","Washington University in St Louis",179867,1,02may2004
33,"UC","University of California-Davis",110644,1,20may2004
34,"UCSD","University of California-San Diego",110680,1,20may2004
35,"USC","University of Southern California",123961,1,23jun2004
36,"Caltech","California Institute of Technology",110404,1,25jun2004
37,"UCSB","University of California-Santa Barbara",110705,1,25jun2004
38,"Rochester","University of Rochester",195030,1,04aug2004
39,"Bucknell","Bucknell University",211291,1,04aug2004
40,"Williams","Williams College",168342,1,08aug2004
41,"Amherst","Amherst College",164465,1,08aug2004
42,"Swarthmore","Swarthmore College",216287,1,08aug2004
43,"Wesleyan","Wesleyan University",130697,1,08aug2004
44,"Oberlin","Oberlin College",204501,1,08aug2004
45,"Middlebury","Middlebury College",230959,1,08aug2004
46,"Hamilton","Hamilton College",191515,1,08aug2004
47,"Bowdoin","Bowdoin College",161004,1,08aug2004
48,"Vanderbilt","Vanderbilt University",221999,1,21aug2004
49,"Carnegie","Carnegie Mellon University",211440,1,21aug2004
50,"UGA","University of Georgia",139959,1,21aug2004
51,"USF","University of South Florida-Main Campus",137351,1,21aug2004
52,"UCF","University of Central Florida",132903,1,21aug2004
53,"FSU","Florida State University",134097,1,21aug2004
54,"GWU","George Washington University",131469,1,21aug2004
55,"Johns","Johns Hopkins University",162928,1,21aug2004
56,"Syracuse","Syracuse University",196413,1,22aug2004
57,"Notre Dame","University of Notre Dame",152080,1,22aug2004
58,"Maryland","University of Maryland-College Park",163286,1,22aug2004
59,"Maine","University of Maine",161253,2,07sep2004
60,"Smith","Smith College",167835,2,07sep2004
61,"UC","University of California-Irvine",110653,2,07sep2004
62,"Villanova","Villanova University",216597,2,07sep2004
63,"Virginia","Virginia Polytechnic Institute and State University",233921,2,07sep2004
64,"UC","University of California-Riverside",110671,2,07sep2004
65,"Cal","California Polytechnic State University-San Luis Obispo",110422,2,07sep2004
66,"Mississippi","University of Mississippi",176017,2,07sep2004
67,"Mich","Michigan Technological University",171128,2,07sep2004
68,"UCSC","University of California-Santa Cruz",110714,2,07sep2004
69,"Indiana","Indiana University-Bloomington",151351,2,07sep2004
70,"Vermont","University of Vermont",231174,2,07sep2004
71,"Auburn","Auburn University",100858,2,07sep2004
72,"USFCA","University of San Francisco",122612,2,07sep2004
73,"Wake","Wake Forest University",199847,2,07sep2004
74,"Santa Clara","Santa Clara University",122931,2,07sep2004
75,"American","American University",131159,2,07sep2004
76,"Haverford","Haverford College",212911,2,07sep2004
77,"William","College of William and Mary",231624,2,07sep2004
78,"MU","Miami University-Oxford",204024,2,07sep2004
79,"JMU","James Madison University",232423,2,07sep2004
80,"Texas","The University of Texas at Austin",228778,2,07sep2004
81,"Simmons","Simmons College",167783,2,07sep2004
82,"Binghamton","SUNY at Binghamton",196079,2,07sep2004
83,"Temple","Temple University",216339,2,07sep2004
84,"Texas","Texas A & M University-College Station",228723,2,07sep2004
85,"Vassar","Vassar College",197133,2,07sep2004
86,"Pepperdine","Pepperdine University",121150,2,07sep2004
87,"Wisconsin","University of Wisconsin-Madison",240444,2,07sep2004
88,"Colgate","Colgate University",190099,2,07sep2004
89,"Rutgers","Rutgers University-New Brunswick",186380,2,07sep2004
90,"Howard","Howard University",131520,2,07sep2004
91,"UConn","University of Connecticut",129020,2,07sep2004
92,"UMass","University of Massachusetts-Amherst",166629,2,07sep2004
93,"Baylor","Baylor University",223232,2,07sep2004
94,"Penn","Pennsylvania State University-Main Campus",214777,2,07sep2004
95,"Tennessee","The University of Tennessee-Knoxville",221759,2,07sep2004
96,"Lehigh","Lehigh University",213543,2,07sep2004
97,"Oklahoma","University of Oklahoma-Norman Campus",207500,2,07sep2004
98,"Reed","Reed College",209922,2,07sep2004
99,"Brandeis","Brandeis University",165015,2,07sep2004
100,"Trinity","Trinity College",130590,2,24sep2004
101,"Arizona ","UNIVERSITY OF ARIZONA",104179,2,24sep2004
102," Arizona State ","ARIZONA STATE UNIVERSITY EAST",420574,2,24sep2004
103," Bryn Mawr ","BRYN MAWR COLLEGE",211273,2,24sep2004
104,"CU Boulder","UNIVERSITY OF COLORADO AT BOULDER",126614,2,24sep2004
105," Drexel ","DREXEL UNIVERSITY",212054,2,24sep2004
106," Loyola Marymount ","LOYOLA MARYMOUNT UNIVERSITY",117946,2,24sep2004
107," Miami ","UNIVERSITY OF MIAMI",135726,2,24sep2004
108," Mt. Holyoke ","MOUNT HOLYOKE COLLEGE",166939,2,24sep2004
109," Washington","UNIVERSITY OF WASHINGTON-TACOMA CAMPUS",377564,2,24sep2004
110,"Babson ","BABSON COLLEGE",164580,2,13oct2004
111," Bates ","BATES COLLEGE",160977,2,13oct2004
112," Cal Poly Pomona ","CALIFORNIA STATE POLYTECHNIC UNIVERSITY-POMONA",110529,2,13oct2004
113," Calvin ","CALVIN COLLEGE",169080,2,13oct2004
114," Case Western ","CASE WESTERN RESERVE UNIVERSITY",201645,2,13oct2004
115," Claremont McKenna ","CLAREMONT MCKENNA COLLEGE",112260,2,13oct2004
116," Clemson ","CLEMSON UNIVERSITY",217882,2,13oct2004
117," Colby ","COLBY COLLEGE",161086,2,13oct2004
118," Conn College ","CONNECTICUT COLLEGE",128902,2,13oct2004
119," CUNY Baruch ","CUNY BERNARD M BARUCH COLLEGE",190512,2,13oct2004
120," CUNY Brooklyn ","CUNY BROOKLYN COLLEGE",190549,2,13oct2004
121," Davidson ","DAVIDSON COLLEGE",198385,2,13oct2004
122," Delaware ","UNIVERSITY OF DELAWARE",130943,2,13oct2004
123," Emerson ","EMERSON COLLEGE",165662,2,13oct2004
124," Fordham ","FORDHAM UNIVERSITY",191241,2,13oct2004
125," George Mason ","GEORGE MASON UNIVERSITY",232186,2,13oct2004
126," Georgia Tech ","GEORGIA INSTITUTE OF TECHNOLOGY-MAIN CAMPUS",139755,2,13oct2004
127," Holy Cross (MA) ","COLLEGE OF THE HOLY CROSS",166124,2,13oct2004
128," Hope ","HOPE COLLEGE",170301,2,13oct2004
129," Iowa ","UNIVERSITY OF IOWA",153658,2,13oct2004
130," Ithaca ","ITHACA COLLEGE",191968,2,13oct2004
131," Kentucky ","UNIVERSITY OF KENTUCKY",157085,2,13oct2004
132," Kenyon ","KENYON COLLEGE",203535,2,13oct2004
133," Lafayette ","LAFAYETTE COLLEGE",213385,2,13oct2004
134," Maryland BC ","UNIVERSITY OF MARYLAND-BALTIMORE COUNTY",163268,2,13oct2004
136," Minnesota ","UNIVERSITY OF MINNESOTA-TWIN CITIES",174066,2,10oct2004
137," Missouri (Mizzou) ","UNIVERSITY OF MISSOURI-COLUMBIA",178396,2,13oct2004
138," Morgan ","MORGAN STATE UNIVERSITY",163453,2,13oct2004
139," N.C. A&T ","NORTH CAROLINA  A &T STATE UNIVERSITY",199102,2,13oct2004
140," N.C. State ","NORTH CAROLINA STATE UNIVERSITY AT RALEIGH",199193,2,13oct2004
141," New Hampshire ","UNIVERSITY OF NEW HAMPSHIRE-MAIN CAMPUS",183044,2,13oct2004
142," New Mexico ","UNIVERSITY OF NEW MEXICO-MAIN CAMPUS",187985,2,13oct2004
143," Occidental ","OCCIDENTAL COLLEGE",120254,2,13oct2004
144," Ohio ","OHIO UNIVERSITY-MAIN CAMPUS",204857,2,13oct2004
145," Ohio State ","OHIO STATE UNIVERSITY-MAIN CAMPUS",204796,2,13oct2004
146," Oregon ","UNIVERSITY OF OREGON",209551,2,13oct2004
147," Pittsburgh ","UNIVERSITY OF PITTSBURGH-MAIN CAMPUS",215293,2,13oct2004
148," Purdue ","PURDUE UNIVERSITY-MAIN CAMPUS",243780,2,13oct2004
149," Rhode Island ","UNIVERSITY OF RHODE ISLAND",217484,2,13oct2004
150," Richmond ","UNIVERSITY OF RICHMOND",233374,2,13oct2004
151," RISD ","RHODE ISLAND SCHOOL OF DESIGN",217493,2,13oct2004
152," S.F. State ","SAN FRANCISCO STATE UNIVERSITY",122597,2,13oct2004
153," Skidmore ","SKIDMORE COLLEGE",195526,2,13oct2004
154," South Carolina ","UNIVERSITY OF SOUTH CAROLINA-COLUMBIA",218663,2,13oct2004
155," SUNY Albany ","SUNY AT ALBANY",196060,2,13oct2004
156," SUNY Buffalo ","SUNY COLLEGE AT BUFFALO",196130,2,13oct2004
157," SUNY Geneseo ","SUNY COLLEGE AT GENESEO",196167,2,13oct2004
158," SUNY Stonybrook ","SUNY AT STONY BROOK",196097,2,13oct2004
159," Union ","UNION UNIVERSITY",221971,2,13oct2004
160," USNA ","UNITED STATES NAVAL ACADEMY",164155,2,13oct2004
161," West Point ","UNITED STATES MILITARY ACADEMY",197036,2,13oct2004
162," West. Michigan ","WESTERN MICHIGAN UNIVERSITY",172699,2,13oct2004
163," Wheaton MA","WHEATON COLLEGE",168281,2,13oct2004
164," Pitzer ","PITZER COLLEGE",121257,2,15oct2004
165," Pomona ","POMONA COLLEGE",121345,2,15oct2004
166," Scripps ","SCRIPPS COLLEGE",123165,2,15oct2004
167," Dickinson ","DICKINSON COLLEGE",212009,2,18oct2004
168," Harvey Mudd ","HARVEY MUDD COLLEGE",115409,2,18oct2004
169," Iowa State ","IOWA STATE UNIVERSITY",153603,2,18oct2004
170," Kansas ","UNIVERSITY OF KANSAS MAIN CAMPUS",155317,2,18oct2004
171," Kansas State ","KANSAS STATE UNIVERSITY",155399,2,18oct2004
172," Nebraska - Lincoln ","University of Nebraska-Lincoln",181464,2,18oct2004
173," Oklahoma State ","OKLAHOMA STATE UNIVERSITY-MAIN CAMPUS",207388,2,18oct2004
174," Pratt ","PRATT INSTITUTE-MAIN",194578,2,18oct2004
175," Texas Tech ","TEXAS TECH UNIVERSITY",229115,2,18oct2004
177," BYU ","BRIGHAM YOUNG UNIVERSITY",230038,2,27oct2004
178," Carleton ","CARLETON COLLEGE",173258,2,27oct2004
179," Colorado State ","COLORADO STATE UNIVERSITY",126818,2,27oct2004
180," Denver ","UNIVERSITY OF DENVER",127060,2,27oct2004
181," Drew ","DREW UNIVERSITY",184348,2,27oct2004
182," Elon ","ELON UNIVERSITY",198516,2,27oct2004
183," Fairfield ","FAIRFIELD UNIVERSITY",129242,2,27oct2004
184," FIU ","FLORIDA INTERNATIONAL UNIVERSITY",133951,2,27oct2004
185," Fullerton ","FULLERTON COLLEGE",114859,2,27oct2004
186," Gettysburg ","GETTYSBURG COLLEGE",212674,2,27oct2004
187," Hawaii ","UNIVERSITY OF HAWAII AT MANOA",141574,2,27oct2004
188," Hofstra ","HOFSTRA UNIVERSITY",191649,2,27oct2004
189," Loyola Chicago ","LOYOLA UNIVERSITY CHICAGO",146719,2,27oct2004
190," Loyola Maryland ","Loyola University Maryland",163046,2,27oct2004
191," Loyola New Orleans ","LOYOLA UNIVERSITY NEW ORLEANS",159656,2,27oct2004
192," Macalester ","MACALESTER COLLEGE",173902,2,27oct2004
193," Marist ","MARIST COLLEGE",192819,2,27oct2004
194," Marquette ","MARQUETTE UNIVERSITY",239105,2,27oct2004
195," Oregon State ","OREGON STATE UNIVERSITY",209542,2,27oct2004
196," Pace ","PACE UNIVERSITY-NEW YORK",194310,2,27oct2004
197," Providence ","PROVIDENCE COLLEGE",217402,2,27oct2004
198," Puget Sound ","UNIVERSITY OF PUGET SOUND",236328,2,27oct2004
199," RPI ","RENSSELAER POLYTECHNIC INSTITUTE",194824,2,27oct2004
200," SMU ","SOUTHERN METHODIST UNIVERSITY",228246,2,27oct2004
202," Suffolk ","SUFFOLK UNIVERSITY",168005,2,27oct2004
203," Texas Christian ","TEXAS CHRISTIAN UNIVERSITY",228875,2,27oct2004
204," Towson ","TOWSON UNIVERSITY",164076,2,27oct2004
205," Washington and Lee","WASHINGTON AND LEE UNIVERSITY",234207,2,27oct2004
206,"Arkansas ","UNIVERSITY OF ARKANSAS MAIN CAMPUS",106397,2,15nov2004
207," Ball State ","BALL STATE UNIVERSITY",150136,2,15nov2004
208," Berklee ","BERKLEE COLLEGE OF MUSIC",164748,2,15nov2004
209," Bowling Green ","BOWLING GREEN STATE UNIVERSITY-FIRELANDS",201432,2,15nov2004
211," Butler ","BUTLER UNIVERSITY",150163,2,15nov2004
212," Catholic ","CATHOLIC UNIVERSITY OF AMERICA",131283,2,15nov2004
213," Central Mich. ","CENTRAL MICHIGAN UNIVERSITY",169248,2,15nov2004
214," Cincinnati ","UNIVERSITY OF CINCINNATI-MAIN CAMPUS",201885,2,15nov2004
216," Clarkson ","CLARKSON UNIVERSITY",190044,2,15nov2004
217," COFC ","COLLEGE OF CHARLESTON",217819,2,15nov2004
218," Dayton ","UNIVERSITY OF DAYTON",202480,2,15nov2004
219," Depaul ","DEPAUL UNIVERSITY",144740,2,15nov2004
220," Depauw ","DEPAUW UNIVERSITY",150400,2,15nov2004
221," East Carolina ","EAST CAROLINA UNIVERSITY",198464,2,15nov2004
222," Fairleigh Dickinson ","FAIRLEIGH DICKINSON UNIVERSITY-METROPOLITAN CAMPUS",184603,2,15nov2004
222," Fairleigh Dickinson ","FAIRLEIGH DICKINSON UNIVERSITY-COLLEGE AT FLORHAM",184694,2,15nov2004
223," Georgia State ","GEORGIA STATE UNIVERSITY",139940,2,15nov2004
224," Grand Valley State","GRAND VALLEY STATE UNIVERSITY",170082,2,15nov2004
225," Grinnell ","GRINNELL COLLEGE",153384,2,15nov2004
226," Hampshire ","HAMPSHIRE COLLEGE",166018,2,15nov2004
227," Hartford ","UNIVERSITY OF HARTFORD",129525,2,15nov2004
228," Illinois State ","ILLINOIS STATE UNIVERSITY",145813,2,15nov2004
229," Iona ","IONA COLLEGE",191931,2,15nov2004
230," IUP ","INDIANA UNIVERSITY OF PENNSYLVANIA-MAIN CAMPUS",213020,2,15nov2004
231," Kennesaw ","KENNESAW STATE UNIVERSITY",140164,2,15nov2004
232," Kent State ","KENT STATE UNIVERSITY-MAIN CAMPUS",203517,2,15nov2004
233," LSU ","LOUISIANA STATE UNIVERSITY-EUNICE",159407,2,15nov2004
234," Mary Washington ","UNIVERSITY OF MARY WASHINGTON",232681,2,15nov2004
235," Montana ","THE UNIVERSITY OF MONTANA-MISSOULA",180489,2,15nov2004
236," Morehouse ","MOREHOUSE COLLEGE",140553,2,15nov2004
237," North Texas ","UNIVERSITY OF NORTH TEXAS",227216,2,15nov2004
238," Ohio Wesleyan ","OHIO WESLEYAN UNIVERSITY",204909,2,15nov2004
239," Quinnipiac ","QUINNIPIAC UNIVERSITY",130226,2,15nov2004
240," Rider ","RIDER UNIVERSITY",186283,2,15nov2004
241," RIT ","ROCHESTER INSTITUTE OF TECHNOLOGY",195003,2,15nov2004
242," San Diego ","UNIVERSITY OF SAN DIEGO",122436,2,15nov2004
243," San Diego State ","SAN DIEGO STATE UNIVERSITY",122409,2,15nov2004
244," SUNY Cortland ","SUNY COLLEGE AT CORTLAND",196149,2,15nov2004
245," SUNY Oneonta ","SUNY COLLEGE AT ONEONTA",196185,2,15nov2004
246," Tampa ","THE UNIVERSITY OF TAMPA",137847,2,15nov2004
247," TCNJ ","THE COLLEGE OF NEW JERSEY",187134,2,15nov2004
248," Texas Arlington ","THE UNIVERSITY OF TEXAS AT ARLINGTON",228769,2,15nov2004
249," Texas San Antonio ","THE UNIVERSITY OF TEXAS AT SAN ANTONIO",229027,2,15nov2004
250," Trinity U ","TRINITY UNIVERSITY",229267,2,15nov2004
251," UAB ","UNIVERSITY OF ALABAMA AT BIRMINGHAM",100663,2,15nov2004
252," UNC Greensboro ","UNIVERSITY OF NORTH CAROLINA AT GREENSBORO",199148,2,15nov2004
253," UNF ","UNIVERSITY OF NORTH FLORIDA",136172,2,15nov2004
254," Nevada LV ","UNIVERSITY OF NEVADA-LAS VEGAS",182281,2,15nov2004
255," Nevada Reno ","UNIVERSITY OF NEVADA-RENO",182290,2,15nov2004
256," USAFA ","UNITED STATES AIR FORCE ACADEMY",128328,2,15nov2004
257," VCU ","VIRGINIA COMMONWEALTH UNIVERSITY",234030,2,15nov2004
258," Vermont Tech ","VERMONT TECHNICAL COLLEGE",231165,2,15nov2004
259," Wayne State ","WAYNE STATE UNIVERSITY",172644,2,15nov2004
260," West Virginia ","WEST VIRGINIA UNIVERSITY",238032,2,15nov2004
261," West Washington","WESTERN WASHINGTON UNIVERSITY",237011,2,15nov2004
262,"Alabama ","THE UNIVERSITY OF ALABAMA",100751,2,24nov2004
263," Appalachian State ","APPALACHIAN STATE UNIVERSITY",197869,2,24nov2004
264," Cooper Union ","COOPER UNION FOR THE ADVANCEMENT OF SCIENCE AND ART",190372,2,24nov2004
265," CSU Sacramento ","CALIFORNIA STATE UNIVERSITY-SACRAMENTO",110617,2,24nov2004
266," CUNY Hunter ","CUNY HUNTER COLLEGE",190594,2,24nov2004
267," Denison ","DENISON UNIVERSITY",202523,2,24nov2004
268," Furman ","FURMAN UNIVERSITY",218070,2,24nov2004
269," Gonzaga ","GONZAGA UNIVERSITY",235316,2,24nov2004
270," IUPUI ","INDIANA UNIVERSITY-PURDUE UNIVERSITY-INDIANAPOLIS",151111,2,24nov2004
271," Kutztown ","KUTZTOWN UNIVERSITY OF PENNSYLVANIA",213349,2,24nov2004
272," Marymount ","MARYMOUNT UNIVERSITY",232706,2,24nov2004
273," Marymount Manhattan ","MARYMOUNT MANHATTAN COLLEGE",192864,2,24nov2004
274," Monmouth ","MONMOUTH UNIVERSITY",185572,2,24nov2004
275," Montclair ","MONTCLAIR STATE UNIVERSITY",185590,2,24nov2004
276," MS State ","MISSISSIPPI STATE UNIVERSITY",176080,2,24nov2004
277," Muhlenberg ","MUHLENBERG COLLEGE",214175,2,24nov2004
278," N. Arizona ","NORTHERN ARIZONA UNIVERSITY",105330,2,24nov2004
279," North Dakota ","UNIVERSITY OF NORTH DAKOTA-MAIN CAMPUS",200280,2,24nov2004
280," Portland ","UNIVERSITY OF PORTLAND",209825,2,24nov2004
281," Rose-Hulman ","ROSE-HULMAN INSTITUTE OF TECHNOLOGY",152318,2,24nov2004
282," Sacred Heart ","SACRED HEART UNIVERSITY",130253,2,24nov2004
283," Sarah Lawrence ","SARAH LAWRENCE COLLEGE",195304,2,24nov2004
284," Seton Hall ","SETON HALL UNIVERSITY",186584,2,24nov2004
285," St. Johns ","ST JOHN'S COLLEGE",163976,2,24nov2004
285," St. Johns ","ST JOHN'S COLLEGE",245652,2,24nov2004
285," St. Lawrence ","ST LAWRENCE UNIVERSITY",195216,2,24nov2004
286," SUNY New Paltz ","SUNY COLLEGE AT NEW PALTZ",196176,2,24nov2004
287," SUNY Oswego ","SUNY COLLEGE AT OSWEGO",196194,2,24nov2004
288," Texas State ","TEXAS STATE UNIVERSITY-SAN MARCOS",228459,2,24nov2004
290," Tulsa ","UNIVERSITY OF TULSA",207971,2,24nov2004
291," Pacific ","UNIVERSITY OF THE PACIFIC",120883,2,24nov2004
292," Utah ","UNIVERSITY OF UTAH",230764,2,24nov2004
293," Washington State ","WASHINGTON STATE UNIVERSITY",236939,2,24nov2004
294," Willamette ","WILLAMETTE UNIVERSITY",210401,2,24nov2004
295," Wisconsin Milwauke ","UNIVERSITY OF WISCONSIN-MILWAUKEE",240453,2,24nov2004
296," WPI ","WORCESTER POLYTECHNIC INSTITUTE",168421,2,24nov2004
297," Xavier","XAVIER UNIVERSITY",206622,2,24nov2004
299," Bard ","BARD COLLEGE",189088,3,14jan2005
300," Bradley ","BRADLEY UNIVERSITY",143358,3,14jan2005
301," Bryant ","BRYANT UNIVERSITY",217165,3,14jan2005
302," BSC ","Bismarck State College",200022,3,14jan2005
303," CNU ","CHRISTOPHER NEWPORT UNIVERSITY",231712,3,14jan2005
304," Col. College ","COLORADO COLLEGE",126678,3,14jan2005
305," Creighton ","CREIGHTON UNIVERSITY",181002,3,14jan2005
306," CSU Chico ","CALIFORNIA STATE UNIVERSITY-CHICO",110538,3,14jan2005
307," CSU Fresno ","CALIFORNIA STATE UNIVERSITY-FRESNO",110556,3,14jan2005
308," CSU Humboldt ","HUMBOLDT STATE UNIVERSITY",115755,3,14jan2005
309," CSU Long Beach ","CALIFORNIA STATE UNIVERSITY-LONG BEACH",110583,3,14jan2005
310," CSU Northridge ","CALIFORNIA STATE UNIVERSITY-NORTHRIDGE",110608,3,14jan2005
311," E. Illinois ","EASTERN ILLINOIS UNIVERSITY",144892,3,14jan2005
312," E. Michigan ","EASTERN MICHIGAN UNIVERSITY",169798,3,12jan2005
313," Eastern ","EASTERN UNIVERSITY",212133,3,14jan2005
314," F & M ","FRANKLIN AND MARSHALL COLLEGE",212577,3,14jan2005
315," FAU ","FLORIDA ATLANTIC UNIVERSITY-BOCA RATON",133669,3,14jan2005
316," Flagler ","FLAGLER COLLEGE",133711,3,14jan2005
317," GA Southern ","GEORGIA SOUTHERN UNIVERSITY",139931,3,14jan2005
318," HWS ","HOBART WILLIAM SMITH COLLEGES",191630,3,14jan2005
319," Ill. Chicago ","UNIVERSITY OF ILLINOIS AT CHICAGO",145600,3,14jan2005
320," Indiana State ","INDIANA STATE UNIVERSITY",151324,3,14jan2005
321," Keene State ","KEENE STATE COLLEGE",183062,3,14jan2005
322," Lewis & Clark ","LEWIS & CLARK COLLEGE",209056,3,14jan2005
323," Lynchburg ","LYNCHBURG COLLEGE",232609,3,14jan2005
324," Manhattan College ","MANHATTAN COLLEGE",192703,3,14jan2005
325," N. Illinois ","NORTHERN ILLINOIS UNIVERSITY",147703,3,14jan2005
326," ND State ","NORTH DAKOTA STATE UNIVERSITY-MAIN CAMPUS",200332,3,14jan2005
327," Old Dominion ","OLD DOMINION UNIVERSITY",232982,3,14jan2005
328," Radford ","RADFORD UNIVERSITY",233277,3,14jan2005
329," Rollins ","ROLLINS COLLEGE",136950,3,14jan2005
330," Rowan ","ROWAN UNIVERSITY",184782,3,14jan2005
331," Scranton ","UNIVERSITY OF SCRANTON",215929,3,14jan2005
332," Seattle ","SEATTLE UNIVERSITY",236595,3,14jan2005
333," Sonoma ","SONOMA STATE UNIVERSITY",123572,3,14jan2005
334," St. Louis ","SAINT LOUIS UNIVERSITY-MAIN CAMPUS",179159,3,14jan2005
335," Toledo ","UNIVERSITY OF TOLEDO",206084,3,14jan2005
336,"W. Illinois ","WESTERN ILLINOIS UNIVERSITY",149772,3,14jan2005
337," West Chester ","WEST CHESTER UNIVERSITY OF PENNSYLVANIA",216764,3,14jan2005
338," WPUNJ","WILLIAM PATERSON UNIVERSITY OF NEW JERSEY",187444,3,14jan2005
339,"Adelphi ","ADELPHI UNIVERSITY",188429,3,03feb2005
340," Albion ","ALBION COLLEGE",168546,3,03feb2005
342," Austin College ","AUSTIN COLLEGE",222983,3,03feb2005
343," Belmont ","BELMONT UNIVERSITY",219709,3,03feb2005
344," Bridgewater State ","BRIDGEWATER STATE COLLEGE",165024,3,03feb2005
346," Chapman ","CHAPMAN UNIVERSITY",111948,3,03feb2005
347," Dominican ","DOMINICAN UNIVERSITY OF CALIFORNIA",113698,3,03feb2005
348," Drake ","DRAKE UNIVERSITY",153269,3,03feb2005
349," Duquesne ","DUQUESNE UNIVERSITY",212106,3,03feb2005
351," Long Island ","LIU Brooklyn",192439,3,03feb2005
352," Long Island ","LIU Post",192448,3,03feb2005
354," Millersville ","MILLERSVILLE UNIVERSITY OF PENNSYLVANIA",214041,3,03feb2005
355," New School ","NEW SCHOOL UNIVERSITY",193654,3,03feb2005
356," Ohio Northern ","OHIO NORTHERN UNIVERSITY",204635,3,03feb2005
359," Ramapo ","RAMAPO COLLEGE OF NEW JERSEY",186201,3,03feb2005
360," Rhodes ","RHODES COLLEGE",221351,3,03feb2005
361," Roger Williams ","ROGER WILLIAMS UNIVERSITY",217518,3,03feb2005
362," San Jose State ","SAN JOSE STATE UNIVERSITY",122755,3,03feb2005
363," SHSU ","SAM HOUSTON STATE UNIVERSITY",227881,3,03feb2005
364," Siena ","SIENA COLLEGE",195474,3,03feb2005
365," SMSU ","SOUTHWEST MINNESOTA STATE UNIVERSITY",175078,3,03feb2005
366," Spelman ","SPELMAN COLLEGE",141060,3,03feb2005
367," St. Andrews ","St. Andrews University",199698,3,03feb2005
368," St. Josephs ","SAINT JOSEPHS UNIVERSITY",215770,3,03feb2005
369," Stonehill ","STONEHILL COLLEGE",167996,3,03feb2005
372," Truman State ","TRUMAN STATE UNIVERSITY",178615,3,03feb2005
373," UNC Charlotte ","UNIVERSITY OF NORTH CAROLINA AT CHARLOTTE",199139,3,03feb2005
374," Ursinus","URSINUS COLLEGE",216524,3,03feb2005
375,"Akron ","UNIVERSITY OF AKRON MAIN CAMPUS",200800,3,02mar2005
376," Assumption ","ASSUMPTION COLLEGE",164562,3,02mar2005
377," Bloomsburg ","BLOOMSBURG UNIVERSITY OF PENNSYLVANIA",211158,3,02mar2005
378," C. Washington ","CENTRAL WASHINGTON UNIVERSITY",234827,3,02mar2005
379," Coastal Carolina ","COASTAL CAROLINA UNIVERSITY",218724,3,02mar2005
380," Eastern CT ","EASTERN CONNECTICUT STATE UNIVERSITY",129215,3,02mar2005
381," Elizabethtown ","ELIZABETHTOWN COLLEGE",212197,3,02mar2005
382," Embry-Riddle ","EMBRY RIDDLE AERONAUTICAL UNIVERSITY-PRESCOTT",104586,3,02mar2005
383," Ferris State ","FERRIS STATE UNIVERSITY",169910,3,02mar2005
384," FIT ","FASHION INSTITUTE OF TECHNOLOGY",191126,3,02mar2005
385," GCSU ","GEORGIA COLLEGE AND STATE UNIVERSITY",139861,3,02mar2005
386," Goucher ","GOUCHER COLLEGE",162654,3,02mar2005
387," Hampton ","HAMPTON UNIVERSITY",232265,3,02mar2005
388," Hawaii Pacific ","HAWAII PACIFIC UNIVERSITY",141644,3,02mar2005
389," Houston ","UNIVERSITY OF HOUSTON-UNIVERSITY PARK",225511,3,02mar2005
390," Idaho ","UNIVERSITY OF IDAHO",142285,3,02mar2005
391," Idaho State ","IDAHO STATE UNIVERSITY",142276,3,02mar2005
392," Ill. Wesleyan ","ILLINOIS WESLEYAN UNIVERSITY",145646,3,02mar2005
393," Indianapolis ","UNIVERSITY OF INDIANAPOLIS",151263,3,02mar2005
394," John Carroll ","JOHN CARROLL UNIVERSITY",203368,3,02mar2005
395," JWU ","JOHNSON & WALES UNIVERSITY",217235,3,02mar2005
396," Kalamazoo ","KALAMAZOO COLLEGE",170532,3,02mar2005
397," Kean ","KEAN UNIVERSITY",185262,3,02mar2005
398," LaSalle ","LA SALLE UNIVERSITY",213367,3,02mar2005
399," Longwood ","LONGWOOD UNIVERSITY",232566,3,02mar2005
400," Louisville ","UNIVERSITY OF LOUISVILLE",157289,3,02mar2005
401," Marshall ","MARSHALL UNIVERSITY",237525,3,02mar2005
402," Memphis ","UNIVERSITY OF MEMPHIS",220862,3,02mar2005
403," Mines ","COLORADO SCHOOL OF MINES",126775,3,02mar2005
404," Moravian ","MORAVIAN COLLEGE AND THEOLOGICAL SEMINARY",214157,3,02mar2005
405," MTSU ","MIDDLE TENNESSEE STATE UNIVERSITY",220978,3,02mar2005
406," N. Colorado ","UNIVERSITY OF NORTHERN COLORADO",127741,3,02mar2005
407," N. Michigan ","NORTHERN MICHIGAN UNIVERSITY",171456,3,02mar2005
408," Oakland ","OAKLAND UNIVERSITY",171571,3,02mar2005
409," Portland State ","PORTLAND STATE UNIVERSITY",209807,3,02mar2005
410," Salisbury ","SALISBURY UNIVERSITY",163851,3,02mar2005
411," Salve Regina ","SALVE REGINA UNIVERSITY",217536,3,02mar2005
412," Samford ","SAMFORD UNIVERSITY",102049,3,02mar2005
413," SCAD ","SAVANNAH COLLEGE OF ART AND DESIGN",140951,3,02mar2005
414," Seattle Pacific ","SEATTLE PACIFIC UNIVERSITY",236577,3,02mar2005
415," SFASU ","STEPHEN F AUSTIN STATE UNIVERSITY",228431,3,02mar2005
416," SIU Carbondale ","SOUTHERN ILLINOIS UNIVERSITY CARBONDALE",149222,3,02mar2005
417," SIU Edwardsville ","SOUTHERN ILLINOIS UNIVERSITY EDWARDSVILLE",149231,3,02mar2005
418," South Dakota ","UNIVERSITY OF SOUTH DAKOTA",219471,3,02mar2005
419," Southern Miss. ","UNIVERSITY OF SOUTHERN MISSISSIPPI",176372,3,02mar2005
420," Southwestern ","SOUTHWESTERN UNIVERSITY",228343,3,02mar2005
421," St. Olaf ","SAINT OLAF COLLEGE",174844,3,02mar2005
422," St. Thomas ","UNIVERSITY OF ST THOMAS",174914,3,02mar2005
423," SUNY Brockport ","SUNY COLLEGE AT BROCKPORT",196121,3,02mar2005
424," Susquehanna ","SUSQUEHANNA UNIVERSITY",216278,3,02mar2005
425," SVA ","SCHOOL OF VISUAL ARTS",197151,3,02mar2005
426," UMass Dartmouth ","UNIVERSITY OF MASSACHUSETTS-DARTMOUTH",167987,3,02mar2005
427," UNC Wilmington ","UNIVERSITY OF NORTH CAROLINA-WILMINGTON",199218,3,02mar2005
428," UNI ","UNIVERSITY OF NORTHERN IOWA",154095,3,02mar2005
429," Valparaiso ","VALPARAISO UNIVERSITY",152600,3,02mar2005
430," W. Kentucky ","WESTERN KENTUCKY UNIVERSITY",157951,3,02mar2005
431," Wentworth ","WENTWORTH INSTITUTE OF TECHNOLOGY",168227,3,02mar2005
432," Wooster ","COLLEGE OF WOOSTER",206589,3,02mar2005
433," Wright State ","WRIGHT STATE UNIVERSITY-LAKE CAMPUS",206613,3,02mar2005
434," YCP ","YORK COLLEGE PENNSYLVANIA",217059,3,02mar2005
435,"Alfred ","ALFRED UNIVERSITY",188641,3,08apr2005
436,"Alfred State ","SUNY COLLEGE OF TECHNOLOGY AT ALFRED",196006,3,08apr2005
437," C. Connecticut ","CENTRAL CONNECTICUT STATE UNIVERSITY",128771,3,08apr2005
438," C. Oklahoma ","UNIVERSITY OF CENTRAL OKLAHOMA",206941,3,08apr2005
439," Citadel ","CITADEL MILITARY COLLEGE OF SOUTH CAROLINA",217864,3,08apr2005
440," Columbia College ","COLUMBIA COLLEGE",404806,3,08apr2005
441," Concordia CA ","CONCORDIA UNIVERSITY",112075,3,08apr2005
442," Concordia TX ","CONCORDIA UNIVERSITY AT AUSTIN",224004,3,08apr2005
443," CUNY Queens ","CUNY QUEENS COLLEGE",190664,3,08apr2005
444," E. Kentucky ","EASTERN KENTUCKY UNIVERSITY",156620,3,08apr2005
445," E. Stroudsburg ","EAST STROUDSBURG UNIVERSITY OF PENNSYLVANIA",212115,3,08apr2005
446," E. Washington ","EASTERN WASHINGTON UNIVERSITY",235097,3,08apr2005
447," Elmhurst ","ELMHURST COLLEGE",144962,3,08apr2005
448," Emmanuel ","EMMANUEL COLLEGE",165671,3,08apr2005
449," Florida A&M; ","FLORIDA AGRICULTURAL AND MECHANICAL UNIVERSITY",133650,3,08apr2005
450," Framingham ","FRAMINGHAM STATE COLLEGE",165866,3,08apr2005
451," LA Tech ","LOUISIANA TECH UNIVERSITY",159647,3,08apr2005
452," Lawrence ","LAWRENCE UNIVERSITY",239017,3,08apr2005
453," Louisiana ","University of Louisiana at Lafayette",160658,3,08apr2005
454," Manhattanville ","MANHATTANVILLE COLLEGE",192749,3,08apr2005
455," Mercer ","MERCER UNIVERSITY",140447,3,08apr2005
456," Mercyhurst ","MERCYHURST COLLEGE",213987,3,08apr2005
457," Meredith ","MEREDITH COLLEGE",198950,3,08apr2005
458," Merrimack ","MERRIMACK COLLEGE",166850,3,08apr2005
459," Millikin ","MILLIKIN UNIVERSITY",147244,3,08apr2005
460," MT Bozeman ","MONTANA STATE UNIVERSITY-BOZEMAN",180461,3,08apr2005
461," New Orleans ","UNIVERSITY OF NEW ORLEANS",159939,3,08apr2005
462," Niagara ","NIAGARA UNIVERSITY",193973,3,08apr2005
463," NMSU ","NEW MEXICO STATE UNIVERSITY-MAIN CAMPUS",188030,3,08apr2005
464," Pacific Lutheran ","PACIFIC LUTHERAN UNIVERSITY",236230,3,08apr2005
465," Plymouth ","PLYMOUTH STATE UNIVERSITY",183080,3,08apr2005
466," Presbyterian ","PRESBYTERIAN COLLEGE",218539,3,08apr2005
467," Redlands ","UNIVERSITY OF REDLANDS",121691,3,08apr2005
468," Roanoke ","ROANOKE COLLEGE",233426,3,08apr2005
469," S. Connecticut ","SOUTHERN CONNECTICUT STATE UNIVERSITY",130493,3,08apr2005
470," S. Indiana ","UNIVERSITY OF SOUTHERN INDIANA",151306,3,08apr2005
471," SEMO ","SOUTHEAST MISSOURI STATE UNIVERSITY",179557,3,08apr2005
472," Sewanee ","SEWANEE: THE UNIVERSITY OF THE SOUTH",221519,3,08apr2005
473," Shippensburg ","SHIPPENSBURG UNIVERSITY OF PENNSYLVANIA",216010,3,08apr2005
474," Slippery Rock ","SLIPPERY ROCK UNIVERSITY OF PENNSYLVANIA",216038,3,08apr2005
475," Stevens ","STEVENS INSTITUTE OF TECHNOLOGY",186867,3,08apr2005
477," SUNY Fredonia ","SUNY COLLEGE AT FREDONIA",196158,3,08apr2005
478," SUNY Plattsburgh ","SUNY COLLEGE AT PLATTSBURGH",196246,3,08apr2005
479," SUNY Potsdam ","SUNY-POTSDAM",196200,3,08apr2005
480," SUNY Purchase ","SUNY COLLEGE AT PURCHASE",196219,3,08apr2005
481," Troy State ","TROY STATE UNIVERSITY-MAIN CAMPUS",102368,3,08apr2005
482," UT Dallas ","THE UNIVERSITY OF TEXAS AT DALLAS",228787,3,08apr2005
483," Valdosta ","VALDOSTA STATE UNIVERSITY",141264,3,08apr2005
484," VMI ","VIRGINIA MILITARY INSTITUTE",234085,3,08apr2005
485," W. Carolina ","WESTERN CAROLINA UNIVERSITY",200004,3,08apr2005
486," W. Georgia ","STATE UNIVERSITY OF WEST GEORGIA",141334,3,08apr2005
487," Wabash ","WABASH COLLEGE",152673,3,08apr2005
488," Wagner ","WAGNER COLLEGE",197197,3,08apr2005
489," Wash. College ","WASHINGTON COLLEGE",164216,3,08apr2005
490," Westfield State ","WESTFIELD STATE COLLEGE",168263,3,08apr2005
491," Whitman ","WHITMAN COLLEGE",237057,3,08apr2005
492," Wichita ","WICHITA STATE UNIVERSITY",156125,3,08apr2005
493," Wilkes ","WILKES UNIVERSITY",216931,3,08apr2005
494," Winona ","WINONA STATE UNIVERSITY",175272,3,08apr2005
495," Winthrop ","WINTHROP UNIVERSITY",218964,3,08apr2005
496," Wittenberg ","WITTENBERG UNIVERSITY",206525,3,08apr2005
497," Wyoming ","UNIVERSITY OF WYOMING",240727,3,08apr2005
499," Youngstown","YOUNGSTOWN STATE UNIVERSITY",206695,3,08apr2005
500,"Abilene Christian ","ABILENE CHRISTIAN UNIVERSITY",222178,3,18apr2005
501," Agnes Scott ","AGNES SCOTT COLLEGE",138600,3,18apr2005
502," Albright ","ALBRIGHT COLLEGE",210571,3,18apr2005
503," Allegheny ","ALLEGHENY COLLEGE",210669,3,18apr2005
504," Anderson ","ANDERSON UNIVERSITY",150066,3,18apr2005
505," Angelo State ","ANGELO STATE UNIVERSITY",222831,3,18apr2005
506," Arcadia ","ARCADIA UNIVERSITY",211088,3,18apr2005
507," Arts ","THE UNIVERSITY OF THE ARTS",215105,3,18apr2005
508," Azusa Pacific ","AZUSA PACIFIC UNIVERSITY",109785,3,18apr2005
509," Beloit ","BELOIT COLLEGE",238333,3,18apr2005
510," Boise State ","BOISE STATE UNIVERSITY",142115,3,18apr2005
511," C. Arkansas ","UNIVERSITY OF CENTRAL ARKANSAS",106704,3,18apr2005
512," C. Missouri ","CENTRAL MISSOURI STATE UNIVERSITY",176965,3,18apr2005
513," Cal. Lutheran ","CALIFORNIA LUTHERAN UNIVERSITY",110413,3,18apr2005
514," Campbell ","CAMPBELL UNIVERSITY INC",198136,3,18apr2005
515," Canisius ","CANISIUS COLLEGE",189705,3,18apr2005
516," Capital ","CAPITAL UNIVERSITY",201548,3,18apr2005
517," Carthage ","CARTHAGE COLLEGE",238476,3,18apr2005
518," Christian Brothers ","CHRISTIAN BROTHERS UNIVERSITY",219833,3,18apr2005
519," Clark Atlanta ","CLARK ATLANTA UNIVERSITY",138947,3,18apr2005
520," Cleveland State ","CLEVELAND STATE UNIVERSITY",202134,3,18apr2005
521," Columbus State ","COLUMBUS STATE UNIVERSITY",139366,3,18apr2005
522," CSCC ","COLUMBUS STATE COMMUNITY COLLEGE",202222,3,18apr2005
523," CUNY City ","CUNY CITY COLLEGE",190567,3,18apr2005
524," Delta State ","DELTA STATE UNIVERSITY",175616,3,18apr2005
525," DeSales ","DESALES UNIVERSITY",210739,3,18apr2005
526," Eckerd ","ECKERD COLLEGE",133492,3,18apr2005
527," Endicott ","ENDICOTT COLLEGE",165699,3,18apr2005
528," ETSU ","EAST TENNESSEE STATE UNIVERSITY",220075,3,18apr2005
529," Evansville ","UNIVERSITY OF EVANSVILLE",150534,3,18apr2005
530," Frostburg ","FROSTBURG STATE UNIVERSITY",162584,3,18apr2005
531," Guilford ","GUILFORD COLLEGE",198613,3,18apr2005
532," Gustavus ","GUSTAVUS ADOLPHUS COLLEGE",173647,3,18apr2005
533," Hampden-Sydney ","HAMPDEN-SYDNEY COLLEGE",232256,3,18apr2005
534," Hartwick ","HARTWICK COLLEGE",191533,3,18apr2005
535," Hendrix ","HENDRIX COLLEGE",107080,3,18apr2005
536," Illinois Tech ","ILLINOIS INSTITUTE OF TECHNOLOGY",145725,3,18apr2005
537," IPFW ","INDIANA UNIVERSITY-PURDUE UNIVERSITY-FORT WAYNE",151102,3,18apr2005
538," Jacksonville ","JACKSONVILLE UNIVERSITY",134945,3,18apr2005
539," John Jay ","CUNY JOHN JAY COLLEGE CRIMINAL JUSTICE",190600,3,18apr2005
540," Kettering ","KETTERING UNIVERSITY",169983,3,18apr2005
541," Lake Forest ","LAKE FOREST COLLEGE",146481,3,18apr2005
542," Lamar ","LAMAR UNIVERSITY",226091,3,18apr2005
543," Liberty ","LIBERTY UNIVERSITY",232557,3,18apr2005
544," Lock Haven ","LOCK HAVEN UNIVERSITY OF PENNSYLVANIA",213613,3,18apr2005
545," McDaniel ","MCDANIEL COLLEGE",164270,3,18apr2005
546," Messiah ","MESSIAH COLLEGE",213996,3,18apr2005
547," Millsaps ","MILLSAPS COLLEGE",175980,3,18apr2005
548," MSOE ","MILWAUKEE SCHOOL OF ENGINEERING",239318,3,18apr2005
549," Murray State ","MURRAY STATE COLLEGE",207236,3,18apr2005
550," N. Georgia ","NORTH GEORGIA COLLEGE & STATE UNIVERSITY",140669,3,18apr2005
551," N. Kentucky ","NORTHERN KENTUCKY UNIVERSITY",157447,3,18apr2005
552," NJIT ","NEW JERSEY INSTITUTE OF TECHNOLOGY",185828,3,18apr2005
553," Nova ","NOVA SOUTHEASTERN UNIVERSITY",136215,3,18apr2005
554," NYIT ","NEW YORK INSTITUTE OF TECHNOLOGY-OLD WESTBURY",194091,3,18apr2005
555," Otterbein ","OTTERBEIN COLLEGE",204936,3,18apr2005
556," Philadelphia ","PHILADELPHIA UNIVERSITY",215099,3,18apr2005
557," RIC ","RHODE ISLAND COLLEGE",217420,3,18apr2005
558," S. Alabama ","UNIVERSITY OF SOUTH ALABAMA",102094,3,18apr2005
559," S.E. Louisiana ","SOUTHEASTERN LOUISIANA UNIVERSITY",160612,3,18apr2005
560," Saginaw Valley ","SAGINAW VALLEY STATE UNIVERSITY",172051,3,18apr2005
561," Salem State ","Salem State University",167729,3,18apr2005
562," Shepherd ","SHEPHERD UNIVERSITY",237792,3,18apr2005
564," St. Rose ","THE COLLEGE OF SAINT ROSE",195234,3,18apr2005
565," Sweet Briar ","SWEET BRIAR COLLEGE",233718,3,18apr2005
566," Tarleton ","TARLETON STATE UNIVERSITY",228529,3,18apr2005
567," TN Chattanooga ","THE UNIVERSITY OF TENNESSEE-CHATTANOOGA",221740,3,18apr2005
568," TN Tech ","TENNESSEE TECHNOLOGICAL UNIVERSITY",221847,3,18apr2005
569," UMass Lowell ","UNIVERSITY OF MASSACHUSETTS-LOWELL",166513,3,18apr2005
570," Valencia ","VALENCIA COMMUNITY COLLEGE",138187,3,18apr2005
571," W. Florida ","THE UNIVERSITY OF WEST FLORIDA",138354,3,18apr2005
572," W. Oregon ","WESTERN OREGON UNIVERSITY",210429,3,18apr2005
573," Widener ","WIDENER UNIVERSITY-MAIN CAMPUS",216852,3,18apr2005
574," WNEC ","WESTERN NEW ENGLAND COLLEGE",168254,3,18apr2005
575," Wofford ","WOFFORD COLLEGE",218973,3,18apr2005
576," Yeshiva","YESHIVA UNIVERSITY",197708,3,18apr2005
578,"Wisc- Eau Claire","University of Wisconsin Eau Claire ",240268,3,29apr2005
579,"Alaska Anch ","UNIVERSITY OF ALASKA ANCHORAGE",102553,4,07may2005
580," Alaska Fair ","UNIVERSITY OF ALASKA FAIRBANKS",102614,4,07may2005
581," Alma ","ALMA COLLEGE",168591,4,07may2005
582," Arkansas State ","ARKANSAS STATE UNIVERSITY-MAIN CAMPUS",106458,4,07may2005
583," Arkansas Tech ","ARKANSAS TECH UNIVERSITY",106467,4,07may2005
584," Armstrong ","ARMSTRONG ATLANTIC STATE UNIVERSITY",138789,4,07may2005
585," Augsburg ","AUGSBURG COLLEGE",173045,4,07may2005
587," Baker KS ","BAKER UNIVERSITY COLLEGE OF ARTS AND SCIENCES",154688,4,07may2005
588," Baker MI ","BAKER COLLEGE OF FLINT",168847,4,07may2005
589," Baldwin Wallace ","BALDWIN-WALLACE COLLEGE",201195,4,07may2005
590," Barry ","BARRY UNIVERSITY",132471,4,07may2005
591," Bennington ","BENNINGTON COLLEGE",230816,4,07may2005
593," Biola ","BIOLA UNIVERSITY",110097,4,07may2005
594," Bowie State ","BOWIE STATE UNIVERSITY",162007,4,07may2005
595," Cabrini ","CABRINI COLLEGE",211352,4,07may2005
596," California PA ","CALIFORNIA UNIVERSITY OF PENNSYLVANIA",211361,4,07may2005
597," Champlain ","CHAMPLAIN COLLEGE",230852,4,07may2005
598," CMSV ","COLLEGE OF MOUNT SAINT VINCENT",193399,4,07may2005
599," Cornell College ","CORNELL COLLEGE",153162,4,07may2005
600," DeVry NY ","Devry College of New York",482413,4,07may2005
601," Earlham ","EARLHAM COLLEGE",150455,4,07may2005
602," Edgewood ","EDGEWOOD COLLEGE",238661,4,07may2005
603," Edinboro ","EDINBORO UNIVERSITY OF PENNSYLVANIA",212160,4,07may2005
604," Elmira ","ELMIRA COLLEGE",190983,4,07may2005
605," Fort Lewis ","FORT LEWIS COLLEGE",127185,4,07may2005
606," Gannon ","GANNON UNIVERSITY",212601,4,07may2005
607," Gardner-Webb ","GARDNER-WEBB UNIVERSITY",198561,4,07may2005
608," Georgia Perimeter ","GEORGIA PERIMETER COLLEGE",244437,4,07may2005
609," Gordon MA ","GORDON COLLEGE",139968,4,07may2005
610," Grove City ","GROVE CITY COLLEGE",212805,4,07may2005
611," Hamline ","HAMLINE UNIVERSITY",173665,4,07may2005
612," Harding ","HARDING UNIVERSITY",107044,4,07may2005
613," High Point ","HIGH POINT UNIVERSITY",198695,4,07may2005
614," Hillsdale ","HILLSDALE BEAUTY COLLEGE",168555,4,07may2005
615," Hood ","HOOD COLLEGE",162760,4,07may2005
616," Kirkwood ","KIRKWOOD COMMUNITY COLLEGE",153737,4,07may2005
617," Lebanon Valley ","LEBANON VALLEY COLLEGE",213507,4,07may2005
618," Lee ","LEE UNIVERSITY",220613,4,07may2005
619," Linfield ","LINFIELD COLLEGE",209065,4,07may2005
620," Loras ","LORAS COLLEGE",153825,4,07may2005
621," Lycoming ","LYCOMING COLLEGE",213668,4,07may2005
622," Lynn ","LYNN UNIVERSITY",132657,4,07may2005
623," Mansfield ","MANSFIELD UNIVERSITY OF PENNSYLVANIA",213783,4,07may2005
624," Marian IN ","Marian University Indianapolis",151786,4,07may2005
625," Mary Baldwin ","Mary Baldwin University",232672,4,07may2005
626," Maryville MO ","MARYVILLE UNIVERSITY OF SAINT LOUIS",178059,4,07may2005
627," Maryville TN ","MARYVILLE COLLEGE",220710,4,07may2005
629," McNeese ","MCNEESE STATE UNIVERSITY",159717,4,07may2005
630," Misericordia ","Misericordia University",214069,4,07may2005
631," MNSU ","MINNESOTA STATE UNIVERSITY-MANKATO",173920,4,07may2005
632," MO St. Louis ","University of Missouri-St Louis",178420,4,07may2005
633," Molloy ","MOLLOY COLLEGE",193292,4,07may2005
634," Monroe CC ","MONROE COMMUNITY COLLEGE",193326,4,07may2005
635," MS Mary ","MOUNT ST MARY'S UNIVERSITY",163462,4,07may2005
636," MSCD ","METROPOLITAN STATE COLLEGE OF DENVER",127565,4,07may2005
637," MSMC ","MOUNT SAINT MARY COLLEGE",193353,4,07may2005
638," Mt. Union ","University of Mount Union",204185,4,07may2005
639," N. Central IL ","North Central College",147660,4,07may2005
640," N.C. Central ","NORTH CAROLINA CENTRAL UNIVERSITY",199157,4,07may2005
641," Nazareth ","NAZARETH COLLEGE OF ROCHESTER",193584,4,07may2005
642," New Haven ","UNIVERSITY OF NEW HAVEN",129941,4,07may2005
643," Nicholls State ","NICHOLLS STATE UNIVERSITY",159966,4,07may2005
644," North Park ","NORTH PARK UNIVERSITY",147679,4,07may2005
645," Northwood ","NORTHWOOD UNIVERSITY",171492,4,07may2005
646," Norwich ","NORWICH UNIVERSITY",230995,4,07may2005
647," NSUOK ","NORTHEASTERN STATE UNIVERSITY",207263,4,07may2005
648," OKCU ","OKLAHOMA CITY UNIVERSITY",207458,4,07may2005
649," Olivet Nazarene ","OLIVET NAZARENE UNIVERSITY",147828,4,07may2005
650," PA Tech ","PENNSYLVANIA COLLEGE OF TECHNOLOGY",366252,4,07may2005
651," Palm Beach ","Palm Beach State College",136358,4,07may2005
652," Park ","PARK UNIVERSITY",178721,4,07may2005
653," Point Loma ","POINT LOMA NAZARENE UNIVERSITY",121309,4,07may2005
656," Rockhurst ","ROCKHURST UNIVERSITY",179043,4,07may2005
657," Simpson ","Simpson College",154350,4,07may2005
658," Spring Hill ","SPRING HILL COLLEGE",102234,4,07may2005
659," St. Bonaventure ","SAINT BONAVENTURE UNIVERSITY",195164,4,07may2005
660," St. Francis NY ","ST FRANCIS COLLEGE",195173,4,07may2005
661," St. John Fisher ","SAINT JOHN FISHER COLLEGE",195720,4,07may2005
662," Staten Island ","College of Staten Island CUNY",190558,4,07may2005
663," SUNY Cobleskill ","SUNY COLLEGE OF AGRIC AND TECHN AT COBLESKILL",196033,4,07may2005
664," SUNY Farmingdale ","FARMINGDALE STATE UNIVERSITY OF NEW YORK",196042,4,07may2005
665," TN State ","TENNESSEE STATE UNIVERSITY",221838,4,07may2005
666," UCCS ","UNIVERSITY OF COLORADO AT COLORADO SPRINGS",126580,4,07may2005
667," UMKC ","UNIVERSITY OF MISSOURI-KANSAS CITY",178402,4,07may2005
668," VCCS ","BLUE RIDGE COMMUNITY COLLEGE",231536,4,07may2005
668," VCCS ","CENTRAL VIRGINIA COMMUNITY COLLEGE",231697,4,07may2005
668," VCCS ","DABNEY S LANCASTER COMMUNITY COLLEGE",231873,4,07may2005
668," VCCS ","DANVILLE COMMUNITY COLLEGE",231882,4,07may2005
668," VCCS ","EASTERN SHORE COMMUNITY COLLEGE",232052,4,07may2005
668," VCCS ","GERMANNA COMMUNITY COLLEGE",232195,4,07may2005
668," VCCS ","J SARGEANT REYNOLDS COMMUNITY COLLEGE",232414,4,07may2005
668," VCCS ","JOHN TYLER COMMUNITY COLLEGE",232450,4,07may2005
668," VCCS ","LORD FAIRFAX COMMUNITY COLLEGE",232575,4,07may2005
668," VCCS ","MOUNTAIN EMPIRE COMMUNITY COLLEGE",232788,4,07may2005
668," VCCS ","NEW RIVER COMMUNITY COLLEGE",232867,4,07may2005
668," VCCS ","NORTHERN VIRGINIA COMMUNITY COLLEGE",232946,4,07may2005
668," VCCS ","PATRICK HENRY COMMUNITY COLLEGE",233019,4,07may2005
668," VCCS ","PAUL D CAMP COMMUNITY COLLEGE",233037,4,07may2005
668," VCCS ","PIEDMONT VIRGINIA COMMUNITY COLLEGE",233116,4,07may2005
668," VCCS ","RAPPAHANNOCK COMMUNITY COLLEGE",233310,4,07may2005
668," VCCS ","SOUTHSIDE VIRGINIA COMMUNITY COLLEGE",233639,4,07may2005
668," VCCS ","SOUTHWEST VIRGINIA COMMUNITY COLLEGE",233648,4,07may2005
668," VCCS ","THOMAS NELSON COMMUNITY COLLEGE",233754,4,07may2005
668," VCCS ","TIDEWATER COMMUNITY COLLEGE",233772,4,07may2005
668," VCCS ","VIRGINIA HIGHLANDS COMMUNITY COLLEGE",233903,4,07may2005
668," VCCS ","VIRGINIA WESTERN COMMUNITY COLLEGE",233949,4,07may2005
668," VCCS ","WYTHEVILLE COMMUNITY COLLEGE",234377,4,07may2005
669," Villa Julie ","Stevenson University",164173,4,07may2005
670," Vincennes ","VINCENNES UNIVERSITY",152637,4,07may2005
671," Wash & Jeff ","WASHINGTON & JEFFERSON COLLEGE",216667,4,07may2005
672," Webster ","WEBSTER UNIVERSITY",179894,4,07may2005
673," Westmont ","WESTMONT COLLEGE",125727,4,07may2005
674," Wheelock ","WHEELOCK COLLEGE",168290,4,07may2005
675," Whittier ","WHITTIER COLLEGE",125763,4,07may2005
676," Wingate ","WINGATE UNIVERSITY",199962,4,07may2005
677," Winston Salem ","WINSTON-SALEM STATE UNIVERSITY",199999,4,07may2005
678," Wisc La Crosse ","UNIVERSITY OF WISCONSIN-LA CROSSE",240329,4,07may2005
679," Wisc Oshkosh ","UNIVERSITY OF WISCONSIN-OSHKOSH",240365,4,07may2005
680," Wisc Whitewater","UNIVERSITY OF WISCONSIN-WHITEWATER",240189,4,07may2005
745,"Alabama A&M; ","Alabama A & M University",100654,4,15may2005
746," Alabama Huntsville ","UNIVERSITY OF ALABAMA IN HUNTSVILLE",100706,4,15may2005
747," Aquinas ","AQUINAS COLLEGE",168786,4,15may2005
748," Art Chicago ","SCHOOL OF THE ART INSTITUTE OF CHICAGO",143048,4,15may2005
749," Bellarmine ","BELLARMINE UNIVERSITY",156286,4,15may2005
750," Belmont Abbey ","BELMONT ABBEY COLLEGE",197984,4,15may2005
751," Bethel KS ","BETHEL COLLEGE",150145,4,15may2005
752," Bethune Cookman ","BETHUNE COOKMAN COLLEGE",132602,4,15may2005
753," Brevard ","BREVARD COLLEGE",198066,4,15may2005
754," Brookdale ","BROOKDALE COMMUNITY COLLEGE",183859,4,15may2005
755," Caldwell ","CALDWELL COLLEGE",183910,4,15may2005
756," Catawba ","CATAWBA COLLEGE",198215,4,15may2005
757," Cedar Crest ","CEDAR CREST COLLEGE",211468,4,15may2005
758," Central College ","CENTRAL COLLEGE",153108,4,15may2005
760," COE College ","COE COLLEGE",153144,4,15may2005
761," Concord ","CONCORD UNIVERSITY",237330,4,15may2005
762," Concordia MN ","CONCORDIA UNIVERSITY-ST PAUL",173328,4,15may2005
763," Concordia NY ","CONCORDIA COLLEGE",190248,4,15may2005
764," CSU East Bay ","CALIFORNIA STATE UNIVERSITY-EAST BAY",110574,4,15may2005
765," CSU Mont. Bay ","CALIFORNIA STATE UNIVERSITY-MONTEREY BAY",409698,4,15may2005
766," CUNY Lehman ","CUNY Lehman College",190637,4,15may2005
767," Delaware State ","DELAWARE STATE UNIVERSITY",130934,4,15may2005
768," Delaware Valley ","DELAWARE VALLEY COLLEGE",211981,4,15may2005
769," Detroit Mercy ","UNIVERSITY OF DETROIT MERCY",169716,4,15may2005
770," Dowling ","DOWLING COLLEGE",190770,4,15may2005
771," Erskine ","ERSKINE COLLEGE AND SEMINARY",217998,4,15may2005
772," Evergreen ","EVERGREEN STATE COLLEGE",235167,4,15may2005
773," Fayetteville ","FAYETTEVILLE STATE UNIVERSITY",198543,4,15may2005
774," FL Southern ","FLORIDA SOUTHERN COLLEGE",134079,4,15may2005
775," Fort Hays ","FORT HAYS STATE UNIVERSITY",155061,4,15may2005
776," Francis Marion ","FRANCIS MARION UNIVERSITY",218061,4,15may2005
777," Franklin ","FRANKLIN UNIVERSITY",202806,4,15may2005
778," Franklin Pierce ","FRANKLIN PIERCE COLLEGE",182795,4,15may2005
779," Full Sail ","FULL SAIL REAL WORLD EDUCATION",134237,4,15may2005
780," Georgian Court ","GEORGIAN COURT UNIVERSITY",184773,4,15may2005
781," Houston Baptist ","HOUSTON BAPTIST UNIVERSITY",225399,4,15may2005
782," Incarnate Word ","UNIVERSITY OF THE INCARNATE WORD",225627,4,15may2005
783," Johnson CC ","JOHNSON COUNTY COMMUNITY COLLEGE",155210,4,15may2005
784," Juilliard ","THE JUILLIARD SCHOOL",192110,4,15may2005
785," Juniata ","JUNIATA COLLEGE",213251,4,15may2005
786," LA Monroe ","UNIVERSITY OF LOUISIANA AT MONROE",159993,4,15may2005
787," Lander ","LANDER UNIVERSITY",218229,4,15may2005
788," Lasell ","LASELL COLLEGE",166391,4,15may2005
789," Lawrence Tech ","LAWRENCE TECHNOLOGICAL UNIVERSITY",170675,4,15may2005
790," Lesley ","LESLEY UNIVERSITY",166452,4,15may2005
791," Lincoln MO ","LINCOLN UNIVERSITY",177940,4,15may2005
792," Lincoln PA ","LINCOLN UNIVERSITY",213598,4,15may2005
793," Marietta ","MARIETTA COLLEGE",203845,4,15may2005
794," Maryland Art ","MARYLAND INSTITUTE COLLEGE OF ART",163295,4,15may2005
795," Maryland Eastern ","UNIVERSITY OF MARYLAND-EASTERN SHORE",163338,4,15may2005
796," Marywood ","MARYWOOD UNIVERSITY",213826,4,15may2005
797," McKendree ","MCKENDREE COLLEGE",147013,4,15may2005
798," Mesa State ","MESA STATE COLLEGE",127556,4,15may2005
799," Mills College ","MILLS COLLEGE",118888,4,15may2005
800," Monroe ","MONROE COLLEGE-MAIN CAMPUS",193308,4,15may2005
801," Mount Ida ","MOUNT IDA COLLEGE",166948,4,15may2005
802," Muskingum ","MUSKINGUM COLLEGE",204264,4,15may2005
803," N.E. Illinois ","NORTHEASTERN ILLINOIS UNIVERSITY",147776,4,15may2005
804," Nebraska Kearney ","UNIVERSITY OF NEBRASKA AT KEARNEY",181215,4,15may2005
805," New College FL ","NEW COLLEGE OF FLORIDA",262129,4,15may2005
806," NJ City ","NEW JERSEY CITY UNIVERSITY",185129,4,15may2005
807," Oakwood ","OAKWOOD COLLEGE",101912,4,15may2005
808," Oglethorpe ","OGLETHORPE UNIVERSITY",140696,4,15may2005
809," Ohio Dominican ","OHIO DOMINICAN UNIVERSITY",204617,4,15may2005
810," Oklahoma Baptist ","OKLAHOMA BAPTIST UNIVERSITY",207403,4,15may2005
811," Oral Roberts ","ORAL ROBERTS UNIVERSITY",207582,4,15may2005
812," Ouachita Baptist ","OUACHITA BAPTIST UNIVERSITY",107512,4,15may2005
813," Peace ","PEACE COLLEGE",199272,4,15may2005
814," Pitt. State ","PITTSBURG STATE UNIVERSITY",155681,4,15may2005
817," Queens Charlotte ","QUEENS UNIVERSITY OF CHARLOTTE",199412,4,15may2005
818," Quincy ","QUINCY UNIVERSITY",148131,4,15may2005
819," Randolph-Macon ","RANDOLPH-MACON COLLEGE",233295,4,15may2005
820," Ringling ","RINGLING SCHOOL OF ART AND DESIGN",136774,4,15may2005
822," Roosevelt ","ROOSEVELT UNIVERSITY",148487,4,15may2005
823," S. Polytechnic ","SOUTHERN POLYTECHNIC STATE UNIVERSITY",141097,4,15may2005
824," Santa Monica ","Santa Monica College",122977,4,15may2005
825," Shaw ","SHAW UNIVERSITY",199643,4,15may2005
826," Shenandoah ","SHENANDOAH UNIVERSITY",233541,4,15may2005
827," St. Ambrose ","SAINT AMBROSE UNIVERSITY",154235,4,15may2005
828," St. Francis PA ","Saint Francis University",215743,4,15may2005
829," St. Josephs NY ","St. Josephâs College- New York",195544,4,15may2005
830," St. Peters ","Saint Peterâs University",186432,4,15may2005
831," St. Thomas TX ","University of St Thomas",227863,4,15may2005
832," St. Xavier ","SAINT XAVIER UNIVERSITY",148627,4,15may2005
833," SUNY Old Westbury ","SUNY College at Old Westbury",196237,4,15may2005
834," Tallahassee ","Tallahassee Community College",137759,4,15may2005
835," TAMU Corp. Chr. ","TEXAS A & M UNIVERSITY-CORPUS CHRISTI",224147,4,15may2005
836," Texas Lutheran ","TEXAS LUTHERAN UNIVERSITY",228981,4,15may2005
837," Transylvania ","TRANSYLVANIA UNIVERSITY",157818,4,15may2005
838," Tuskegee ","TUSKEGEE UNIVERSITY",102377,4,15may2005
839," UMass Boston ","UNIVERSITY OF MASSACHUSETTS-BOSTON",166638,4,15may2005
840," WTAMU ","WEST TEXAS A & M UNIVERSITY",229814,4,15may2005
841," Xavier LA","XAVIER UNIVERSITY OF LOUISIANA",160904,4,15may2005
842,"SUNY Suffolk","Suffolk County Community College",366395,4,26may2005
